outer_fold,outer_test_block,sealed_block_id,inner_basket,n_curated_rows
1,BLOCK-2c0090ee1dd5b17e,BLOCK-513383ed86a73488,1,4010
1,BLOCK-2c0090ee1dd5b17e,BLOCK-4494eb5738fce47c,2,1518
1,BLOCK-2c0090ee1dd5b17e,BLOCK-5c361cba45039733,3,842
1,BLOCK-2c0090ee1dd5b17e,BLOCK-394ff80f01cbc968,4,16
1,BLOCK-2c0090ee1dd5b17e,BLOCK-4acd8e0f532c9eb9,4,11
1,BLOCK-2c0090ee1dd5b17e,BLOCK-5930edb067c8c52f,4,3
1,BLOCK-2c0090ee1dd5b17e,BLOCK-5ddb30f65478f699,4,4
1,BLOCK-2c0090ee1dd5b17e,BLOCK-5f91132e1b252609,4,36
1,BLOCK-2c0090ee1dd5b17e,BLOCK-8dbd1f0100199b32,4,18
1,BLOCK-2c0090ee1dd5b17e,BLOCK-ad504a636f9fcddf,4,17
1,BLOCK-2c0090ee1dd5b17e,BLOCK-bb4bcb852b735057,4,105
1,BLOCK-2c0090ee1dd5b17e,BLOCK-bb889e938c0a001a,4,10
1,BLOCK-2c0090ee1dd5b17e,BLOCK-c1585d53eda9a867,4,8
1,BLOCK-2c0090ee1dd5b17e,BLOCK-c5e520eb3b94ff25,4,249
1,BLOCK-2c0090ee1dd5b17e,BLOCK-d0fe24e9c28856d1,4,18
1,BLOCK-2c0090ee1dd5b17e,BLOCK-e729b0aa52978c75,4,7
1,BLOCK-2c0090ee1dd5b17e,BLOCK-fc0b343dfac9ab9d,4,7
2,BLOCK-394ff80f01cbc968,BLOCK-513383ed86a73488,1,4010
2,BLOCK-394ff80f01cbc968,BLOCK-4494eb5738fce47c,2,1518
2,BLOCK-394ff80f01cbc968,BLOCK-5c361cba45039733,3,842
2,BLOCK-394ff80f01cbc968,BLOCK-2c0090ee1dd5b17e,4,16
2,BLOCK-394ff80f01cbc968,BLOCK-4acd8e0f532c9eb9,4,11
2,BLOCK-394ff80f01cbc968,BLOCK-5930edb067c8c52f,4,3
2,BLOCK-394ff80f01cbc968,BLOCK-5ddb30f65478f699,4,4
2,BLOCK-394ff80f01cbc968,BLOCK-5f91132e1b252609,4,36
2,BLOCK-394ff80f01cbc968,BLOCK-8dbd1f0100199b32,4,18
2,BLOCK-394ff80f01cbc968,BLOCK-ad504a636f9fcddf,4,17
2,BLOCK-394ff80f01cbc968,BLOCK-bb4bcb852b735057,4,105
2,BLOCK-394ff80f01cbc968,BLOCK-bb889e938c0a001a,4,10
2,BLOCK-394ff80f01cbc968,BLOCK-c1585d53eda9a867,4,8
2,BLOCK-394ff80f01cbc968,BLOCK-c5e520eb3b94ff25,4,249
2,BLOCK-394ff80f01cbc968,BLOCK-d0fe24e9c28856d1,4,18
2,BLOCK-394ff80f01cbc968,BLOCK-e729b0aa52978c75,4,7
2,BLOCK-394ff80f01cbc968,BLOCK-fc0b343dfac9ab9d,4,7
3,BLOCK-4494eb5738fce47c,BLOCK-513383ed86a73488,1,4010
3,BLOCK-4494eb5738fce47c,BLOCK-5c361cba45039733,2,842
3,BLOCK-4494eb5738fce47c,BLOCK-5930edb067c8c52f,3,3
3,BLOCK-4494eb5738fce47c,BLOCK-5ddb30f65478f699,3,4
3,BLOCK-4494eb5738fce47c,BLOCK-c5e520eb3b94ff25,3,249
3,BLOCK-4494eb5738fce47c,BLOCK-e729b0aa52978c75,3,7
3,BLOCK-4494eb5738fce47c,BLOCK-2c0090ee1dd5b17e,4,16
3,BLOCK-4494eb5738fce47c,BLOCK-394ff80f01cbc968,4,16
3,BLOCK-4494eb5738fce47c,BLOCK-4acd8e0f532c9eb9,4,11
3,BLOCK-4494eb5738fce47c,BLOCK-5f91132e1b252609,4,36
3,BLOCK-4494eb5738fce47c,BLOCK-8dbd1f0100199b32,4,18
3,BLOCK-4494eb5738fce47c,BLOCK-ad504a636f9fcddf,4,17
3,BLOCK-4494eb5738fce47c,BLOCK-bb4bcb852b735057,4,105
3,BLOCK-4494eb5738fce47c,BLOCK-bb889e938c0a001a,4,10
3,BLOCK-4494eb5738fce47c,BLOCK-c1585d53eda9a867,4,8
3,BLOCK-4494eb5738fce47c,BLOCK-d0fe24e9c28856d1,4,18
3,BLOCK-4494eb5738fce47c,BLOCK-fc0b343dfac9ab9d,4,7
4,BLOCK-4acd8e0f532c9eb9,BLOCK-513383ed86a73488,1,4010
4,BLOCK-4acd8e0f532c9eb9,BLOCK-4494eb5738fce47c,2,1518
4,BLOCK-4acd8e0f532c9eb9,BLOCK-5c361cba45039733,3,842
4,BLOCK-4acd8e0f532c9eb9,BLOCK-2c0090ee1dd5b17e,4,16
4,BLOCK-4acd8e0f532c9eb9,BLOCK-394ff80f01cbc968,4,16
4,BLOCK-4acd8e0f532c9eb9,BLOCK-5930edb067c8c52f,4,3
4,BLOCK-4acd8e0f532c9eb9,BLOCK-5ddb30f65478f699,4,4
4,BLOCK-4acd8e0f532c9eb9,BLOCK-5f91132e1b252609,4,36
4,BLOCK-4acd8e0f532c9eb9,BLOCK-8dbd1f0100199b32,4,18
4,BLOCK-4acd8e0f532c9eb9,BLOCK-ad504a636f9fcddf,4,17
4,BLOCK-4acd8e0f532c9eb9,BLOCK-bb4bcb852b735057,4,105
4,BLOCK-4acd8e0f532c9eb9,BLOCK-bb889e938c0a001a,4,10
4,BLOCK-4acd8e0f532c9eb9,BLOCK-c1585d53eda9a867,4,8
4,BLOCK-4acd8e0f532c9eb9,BLOCK-c5e520eb3b94ff25,4,249
4,BLOCK-4acd8e0f532c9eb9,BLOCK-d0fe24e9c28856d1,4,18
4,BLOCK-4acd8e0f532c9eb9,BLOCK-e729b0aa52978c75,4,7
4,BLOCK-4acd8e0f532c9eb9,BLOCK-fc0b343dfac9ab9d,4,7
5,BLOCK-513383ed86a73488,BLOCK-4494eb5738fce47c,1,1518
5,BLOCK-513383ed86a73488,BLOCK-5c361cba45039733,2,842
5,BLOCK-513383ed86a73488,BLOCK-5930edb067c8c52f,3,3
5,BLOCK-513383ed86a73488,BLOCK-5ddb30f65478f699,3,4
5,BLOCK-513383ed86a73488,BLOCK-c5e520eb3b94ff25,3,249
5,BLOCK-513383ed86a73488,BLOCK-e729b0aa52978c75,3,7
5,BLOCK-513383ed86a73488,BLOCK-2c0090ee1dd5b17e,4,16
5,BLOCK-513383ed86a73488,BLOCK-394ff80f01cbc968,4,16
5,BLOCK-513383ed86a73488,BLOCK-4acd8e0f532c9eb9,4,11
5,BLOCK-513383ed86a73488,BLOCK-5f91132e1b252609,4,36
5,BLOCK-513383ed86a73488,BLOCK-8dbd1f0100199b32,4,18
5,BLOCK-513383ed86a73488,BLOCK-ad504a636f9fcddf,4,17
5,BLOCK-513383ed86a73488,BLOCK-bb4bcb852b735057,4,105
5,BLOCK-513383ed86a73488,BLOCK-bb889e938c0a001a,4,10
5,BLOCK-513383ed86a73488,BLOCK-c1585d53eda9a867,4,8
5,BLOCK-513383ed86a73488,BLOCK-d0fe24e9c28856d1,4,18
5,BLOCK-513383ed86a73488,BLOCK-fc0b343dfac9ab9d,4,7
6,BLOCK-5930edb067c8c52f,BLOCK-513383ed86a73488,1,4010
6,BLOCK-5930edb067c8c52f,BLOCK-4494eb5738fce47c,2,1518
6,BLOCK-5930edb067c8c52f,BLOCK-5c361cba45039733,3,842
6,BLOCK-5930edb067c8c52f,BLOCK-2c0090ee1dd5b17e,4,16
6,BLOCK-5930edb067c8c52f,BLOCK-394ff80f01cbc968,4,16
6,BLOCK-5930edb067c8c52f,BLOCK-4acd8e0f532c9eb9,4,11
6,BLOCK-5930edb067c8c52f,BLOCK-5ddb30f65478f699,4,4
6,BLOCK-5930edb067c8c52f,BLOCK-5f91132e1b252609,4,36
6,BLOCK-5930edb067c8c52f,BLOCK-8dbd1f0100199b32,4,18
6,BLOCK-5930edb067c8c52f,BLOCK-ad504a636f9fcddf,4,17
6,BLOCK-5930edb067c8c52f,BLOCK-bb4bcb852b735057,4,105
6,BLOCK-5930edb067c8c52f,BLOCK-bb889e938c0a001a,4,10
6,BLOCK-5930edb067c8c52f,BLOCK-c1585d53eda9a867,4,8
6,BLOCK-5930edb067c8c52f,BLOCK-c5e520eb3b94ff25,4,249
6,BLOCK-5930edb067c8c52f,BLOCK-d0fe24e9c28856d1,4,18
6,BLOCK-5930edb067c8c52f,BLOCK-e729b0aa52978c75,4,7
6,BLOCK-5930edb067c8c52f,BLOCK-fc0b343dfac9ab9d,4,7
7,BLOCK-5c361cba45039733,BLOCK-513383ed86a73488,1,4010
7,BLOCK-5c361cba45039733,BLOCK-4494eb5738fce47c,2,1518
7,BLOCK-5c361cba45039733,BLOCK-5930edb067c8c52f,3,3
7,BLOCK-5c361cba45039733,BLOCK-5ddb30f65478f699,3,4
7,BLOCK-5c361cba45039733,BLOCK-c5e520eb3b94ff25,3,249
7,BLOCK-5c361cba45039733,BLOCK-e729b0aa52978c75,3,7
7,BLOCK-5c361cba45039733,BLOCK-2c0090ee1dd5b17e,4,16
7,BLOCK-5c361cba45039733,BLOCK-394ff80f01cbc968,4,16
7,BLOCK-5c361cba45039733,BLOCK-4acd8e0f532c9eb9,4,11
7,BLOCK-5c361cba45039733,BLOCK-5f91132e1b252609,4,36
7,BLOCK-5c361cba45039733,BLOCK-8dbd1f0100199b32,4,18
7,BLOCK-5c361cba45039733,BLOCK-ad504a636f9fcddf,4,17
7,BLOCK-5c361cba45039733,BLOCK-bb4bcb852b735057,4,105
7,BLOCK-5c361cba45039733,BLOCK-bb889e938c0a001a,4,10
7,BLOCK-5c361cba45039733,BLOCK-c1585d53eda9a867,4,8
7,BLOCK-5c361cba45039733,BLOCK-d0fe24e9c28856d1,4,18
7,BLOCK-5c361cba45039733,BLOCK-fc0b343dfac9ab9d,4,7
8,BLOCK-5ddb30f65478f699,BLOCK-513383ed86a73488,1,4010
8,BLOCK-5ddb30f65478f699,BLOCK-4494eb5738fce47c,2,1518
8,BLOCK-5ddb30f65478f699,BLOCK-5c361cba45039733,3,842
8,BLOCK-5ddb30f65478f699,BLOCK-2c0090ee1dd5b17e,4,16
8,BLOCK-5ddb30f65478f699,BLOCK-394ff80f01cbc968,4,16
8,BLOCK-5ddb30f65478f699,BLOCK-4acd8e0f532c9eb9,4,11
8,BLOCK-5ddb30f65478f699,BLOCK-5930edb067c8c52f,4,3
8,BLOCK-5ddb30f65478f699,BLOCK-5f91132e1b252609,4,36
8,BLOCK-5ddb30f65478f699,BLOCK-8dbd1f0100199b32,4,18
8,BLOCK-5ddb30f65478f699,BLOCK-ad504a636f9fcddf,4,17
8,BLOCK-5ddb30f65478f699,BLOCK-bb4bcb852b735057,4,105
8,BLOCK-5ddb30f65478f699,BLOCK-bb889e938c0a001a,4,10
8,BLOCK-5ddb30f65478f699,BLOCK-c1585d53eda9a867,4,8
8,BLOCK-5ddb30f65478f699,BLOCK-c5e520eb3b94ff25,4,249
8,BLOCK-5ddb30f65478f699,BLOCK-d0fe24e9c28856d1,4,18
8,BLOCK-5ddb30f65478f699,BLOCK-e729b0aa52978c75,4,7
8,BLOCK-5ddb30f65478f699,BLOCK-fc0b343dfac9ab9d,4,7
9,BLOCK-5f91132e1b252609,BLOCK-513383ed86a73488,1,4010
9,BLOCK-5f91132e1b252609,BLOCK-4494eb5738fce47c,2,1518
9,BLOCK-5f91132e1b252609,BLOCK-5c361cba45039733,3,842
9,BLOCK-5f91132e1b252609,BLOCK-2c0090ee1dd5b17e,4,16
9,BLOCK-5f91132e1b252609,BLOCK-394ff80f01cbc968,4,16
9,BLOCK-5f91132e1b252609,BLOCK-4acd8e0f532c9eb9,4,11
9,BLOCK-5f91132e1b252609,BLOCK-5930edb067c8c52f,4,3
9,BLOCK-5f91132e1b252609,BLOCK-5ddb30f65478f699,4,4
9,BLOCK-5f91132e1b252609,BLOCK-8dbd1f0100199b32,4,18
9,BLOCK-5f91132e1b252609,BLOCK-ad504a636f9fcddf,4,17
9,BLOCK-5f91132e1b252609,BLOCK-bb4bcb852b735057,4,105
9,BLOCK-5f91132e1b252609,BLOCK-bb889e938c0a001a,4,10
9,BLOCK-5f91132e1b252609,BLOCK-c1585d53eda9a867,4,8
9,BLOCK-5f91132e1b252609,BLOCK-c5e520eb3b94ff25,4,249
9,BLOCK-5f91132e1b252609,BLOCK-d0fe24e9c28856d1,4,18
9,BLOCK-5f91132e1b252609,BLOCK-e729b0aa52978c75,4,7
9,BLOCK-5f91132e1b252609,BLOCK-fc0b343dfac9ab9d,4,7
10,BLOCK-8dbd1f0100199b32,BLOCK-513383ed86a73488,1,4010
10,BLOCK-8dbd1f0100199b32,BLOCK-4494eb5738fce47c,2,1518
10,BLOCK-8dbd1f0100199b32,BLOCK-5c361cba45039733,3,842
10,BLOCK-8dbd1f0100199b32,BLOCK-2c0090ee1dd5b17e,4,16
10,BLOCK-8dbd1f0100199b32,BLOCK-394ff80f01cbc968,4,16
10,BLOCK-8dbd1f0100199b32,BLOCK-4acd8e0f532c9eb9,4,11
10,BLOCK-8dbd1f0100199b32,BLOCK-5930edb067c8c52f,4,3
10,BLOCK-8dbd1f0100199b32,BLOCK-5ddb30f65478f699,4,4
10,BLOCK-8dbd1f0100199b32,BLOCK-5f91132e1b252609,4,36
10,BLOCK-8dbd1f0100199b32,BLOCK-ad504a636f9fcddf,4,17
10,BLOCK-8dbd1f0100199b32,BLOCK-bb4bcb852b735057,4,105
10,BLOCK-8dbd1f0100199b32,BLOCK-bb889e938c0a001a,4,10
10,BLOCK-8dbd1f0100199b32,BLOCK-c1585d53eda9a867,4,8
10,BLOCK-8dbd1f0100199b32,BLOCK-c5e520eb3b94ff25,4,249
10,BLOCK-8dbd1f0100199b32,BLOCK-d0fe24e9c28856d1,4,18
10,BLOCK-8dbd1f0100199b32,BLOCK-e729b0aa52978c75,4,7
10,BLOCK-8dbd1f0100199b32,BLOCK-fc0b343dfac9ab9d,4,7
11,BLOCK-ad504a636f9fcddf,BLOCK-513383ed86a73488,1,4010
11,BLOCK-ad504a636f9fcddf,BLOCK-4494eb5738fce47c,2,1518
11,BLOCK-ad504a636f9fcddf,BLOCK-5c361cba45039733,3,842
11,BLOCK-ad504a636f9fcddf,BLOCK-2c0090ee1dd5b17e,4,16
11,BLOCK-ad504a636f9fcddf,BLOCK-394ff80f01cbc968,4,16
11,BLOCK-ad504a636f9fcddf,BLOCK-4acd8e0f532c9eb9,4,11
11,BLOCK-ad504a636f9fcddf,BLOCK-5930edb067c8c52f,4,3
11,BLOCK-ad504a636f9fcddf,BLOCK-5ddb30f65478f699,4,4
11,BLOCK-ad504a636f9fcddf,BLOCK-5f91132e1b252609,4,36
11,BLOCK-ad504a636f9fcddf,BLOCK-8dbd1f0100199b32,4,18
11,BLOCK-ad504a636f9fcddf,BLOCK-bb4bcb852b735057,4,105
11,BLOCK-ad504a636f9fcddf,BLOCK-bb889e938c0a001a,4,10
11,BLOCK-ad504a636f9fcddf,BLOCK-c1585d53eda9a867,4,8
11,BLOCK-ad504a636f9fcddf,BLOCK-c5e520eb3b94ff25,4,249
11,BLOCK-ad504a636f9fcddf,BLOCK-d0fe24e9c28856d1,4,18
11,BLOCK-ad504a636f9fcddf,BLOCK-e729b0aa52978c75,4,7
11,BLOCK-ad504a636f9fcddf,BLOCK-fc0b343dfac9ab9d,4,7
12,BLOCK-bb4bcb852b735057,BLOCK-513383ed86a73488,1,4010
12,BLOCK-bb4bcb852b735057,BLOCK-4494eb5738fce47c,2,1518
12,BLOCK-bb4bcb852b735057,BLOCK-5c361cba45039733,3,842
12,BLOCK-bb4bcb852b735057,BLOCK-2c0090ee1dd5b17e,4,16
12,BLOCK-bb4bcb852b735057,BLOCK-394ff80f01cbc968,4,16
12,BLOCK-bb4bcb852b735057,BLOCK-4acd8e0f532c9eb9,4,11
12,BLOCK-bb4bcb852b735057,BLOCK-5930edb067c8c52f,4,3
12,BLOCK-bb4bcb852b735057,BLOCK-5ddb30f65478f699,4,4
12,BLOCK-bb4bcb852b735057,BLOCK-5f91132e1b252609,4,36
12,BLOCK-bb4bcb852b735057,BLOCK-8dbd1f0100199b32,4,18
12,BLOCK-bb4bcb852b735057,BLOCK-ad504a636f9fcddf,4,17
12,BLOCK-bb4bcb852b735057,BLOCK-bb889e938c0a001a,4,10
12,BLOCK-bb4bcb852b735057,BLOCK-c1585d53eda9a867,4,8
12,BLOCK-bb4bcb852b735057,BLOCK-c5e520eb3b94ff25,4,249
12,BLOCK-bb4bcb852b735057,BLOCK-d0fe24e9c28856d1,4,18
12,BLOCK-bb4bcb852b735057,BLOCK-e729b0aa52978c75,4,7
12,BLOCK-bb4bcb852b735057,BLOCK-fc0b343dfac9ab9d,4,7
13,BLOCK-bb889e938c0a001a,BLOCK-513383ed86a73488,1,4010
13,BLOCK-bb889e938c0a001a,BLOCK-4494eb5738fce47c,2,1518
13,BLOCK-bb889e938c0a001a,BLOCK-5c361cba45039733,3,842
13,BLOCK-bb889e938c0a001a,BLOCK-2c0090ee1dd5b17e,4,16
13,BLOCK-bb889e938c0a001a,BLOCK-394ff80f01cbc968,4,16
13,BLOCK-bb889e938c0a001a,BLOCK-4acd8e0f532c9eb9,4,11
13,BLOCK-bb889e938c0a001a,BLOCK-5930edb067c8c52f,4,3
13,BLOCK-bb889e938c0a001a,BLOCK-5ddb30f65478f699,4,4
13,BLOCK-bb889e938c0a001a,BLOCK-5f91132e1b252609,4,36
13,BLOCK-bb889e938c0a001a,BLOCK-8dbd1f0100199b32,4,18
13,BLOCK-bb889e938c0a001a,BLOCK-ad504a636f9fcddf,4,17
13,BLOCK-bb889e938c0a001a,BLOCK-bb4bcb852b735057,4,105
13,BLOCK-bb889e938c0a001a,BLOCK-c1585d53eda9a867,4,8
13,BLOCK-bb889e938c0a001a,BLOCK-c5e520eb3b94ff25,4,249
13,BLOCK-bb889e938c0a001a,BLOCK-d0fe24e9c28856d1,4,18
13,BLOCK-bb889e938c0a001a,BLOCK-e729b0aa52978c75,4,7
13,BLOCK-bb889e938c0a001a,BLOCK-fc0b343dfac9ab9d,4,7
14,BLOCK-c1585d53eda9a867,BLOCK-513383ed86a73488,1,4010
14,BLOCK-c1585d53eda9a867,BLOCK-4494eb5738fce47c,2,1518
14,BLOCK-c1585d53eda9a867,BLOCK-5c361cba45039733,3,842
14,BLOCK-c1585d53eda9a867,BLOCK-2c0090ee1dd5b17e,4,16
14,BLOCK-c1585d53eda9a867,BLOCK-394ff80f01cbc968,4,16
14,BLOCK-c1585d53eda9a867,BLOCK-4acd8e0f532c9eb9,4,11
14,BLOCK-c1585d53eda9a867,BLOCK-5930edb067c8c52f,4,3
14,BLOCK-c1585d53eda9a867,BLOCK-5ddb30f65478f699,4,4
14,BLOCK-c1585d53eda9a867,BLOCK-5f91132e1b252609,4,36
14,BLOCK-c1585d53eda9a867,BLOCK-8dbd1f0100199b32,4,18
14,BLOCK-c1585d53eda9a867,BLOCK-ad504a636f9fcddf,4,17
14,BLOCK-c1585d53eda9a867,BLOCK-bb4bcb852b735057,4,105
14,BLOCK-c1585d53eda9a867,BLOCK-bb889e938c0a001a,4,10
14,BLOCK-c1585d53eda9a867,BLOCK-c5e520eb3b94ff25,4,249
14,BLOCK-c1585d53eda9a867,BLOCK-d0fe24e9c28856d1,4,18
14,BLOCK-c1585d53eda9a867,BLOCK-e729b0aa52978c75,4,7
14,BLOCK-c1585d53eda9a867,BLOCK-fc0b343dfac9ab9d,4,7
15,BLOCK-c5e520eb3b94ff25,BLOCK-513383ed86a73488,1,4010
15,BLOCK-c5e520eb3b94ff25,BLOCK-4494eb5738fce47c,2,1518
15,BLOCK-c5e520eb3b94ff25,BLOCK-5c361cba45039733,3,842
15,BLOCK-c5e520eb3b94ff25,BLOCK-2c0090ee1dd5b17e,4,16
15,BLOCK-c5e520eb3b94ff25,BLOCK-394ff80f01cbc968,4,16
15,BLOCK-c5e520eb3b94ff25,BLOCK-4acd8e0f532c9eb9,4,11
15,BLOCK-c5e520eb3b94ff25,BLOCK-5930edb067c8c52f,4,3
15,BLOCK-c5e520eb3b94ff25,BLOCK-5ddb30f65478f699,4,4
15,BLOCK-c5e520eb3b94ff25,BLOCK-5f91132e1b252609,4,36
15,BLOCK-c5e520eb3b94ff25,BLOCK-8dbd1f0100199b32,4,18
15,BLOCK-c5e520eb3b94ff25,BLOCK-ad504a636f9fcddf,4,17
15,BLOCK-c5e520eb3b94ff25,BLOCK-bb4bcb852b735057,4,105
15,BLOCK-c5e520eb3b94ff25,BLOCK-bb889e938c0a001a,4,10
15,BLOCK-c5e520eb3b94ff25,BLOCK-c1585d53eda9a867,4,8
15,BLOCK-c5e520eb3b94ff25,BLOCK-d0fe24e9c28856d1,4,18
15,BLOCK-c5e520eb3b94ff25,BLOCK-e729b0aa52978c75,4,7
15,BLOCK-c5e520eb3b94ff25,BLOCK-fc0b343dfac9ab9d,4,7
16,BLOCK-d0fe24e9c28856d1,BLOCK-513383ed86a73488,1,4010
16,BLOCK-d0fe24e9c28856d1,BLOCK-4494eb5738fce47c,2,1518
16,BLOCK-d0fe24e9c28856d1,BLOCK-5c361cba45039733,3,842
16,BLOCK-d0fe24e9c28856d1,BLOCK-2c0090ee1dd5b17e,4,16
16,BLOCK-d0fe24e9c28856d1,BLOCK-394ff80f01cbc968,4,16
16,BLOCK-d0fe24e9c28856d1,BLOCK-4acd8e0f532c9eb9,4,11
16,BLOCK-d0fe24e9c28856d1,BLOCK-5930edb067c8c52f,4,3
16,BLOCK-d0fe24e9c28856d1,BLOCK-5ddb30f65478f699,4,4
16,BLOCK-d0fe24e9c28856d1,BLOCK-5f91132e1b252609,4,36
16,BLOCK-d0fe24e9c28856d1,BLOCK-8dbd1f0100199b32,4,18
16,BLOCK-d0fe24e9c28856d1,BLOCK-ad504a636f9fcddf,4,17
16,BLOCK-d0fe24e9c28856d1,BLOCK-bb4bcb852b735057,4,105
16,BLOCK-d0fe24e9c28856d1,BLOCK-bb889e938c0a001a,4,10
16,BLOCK-d0fe24e9c28856d1,BLOCK-c1585d53eda9a867,4,8
16,BLOCK-d0fe24e9c28856d1,BLOCK-c5e520eb3b94ff25,4,249
16,BLOCK-d0fe24e9c28856d1,BLOCK-e729b0aa52978c75,4,7
16,BLOCK-d0fe24e9c28856d1,BLOCK-fc0b343dfac9ab9d,4,7
17,BLOCK-e729b0aa52978c75,BLOCK-513383ed86a73488,1,4010
17,BLOCK-e729b0aa52978c75,BLOCK-4494eb5738fce47c,2,1518
17,BLOCK-e729b0aa52978c75,BLOCK-5c361cba45039733,3,842
17,BLOCK-e729b0aa52978c75,BLOCK-2c0090ee1dd5b17e,4,16
17,BLOCK-e729b0aa52978c75,BLOCK-394ff80f01cbc968,4,16
17,BLOCK-e729b0aa52978c75,BLOCK-4acd8e0f532c9eb9,4,11
17,BLOCK-e729b0aa52978c75,BLOCK-5930edb067c8c52f,4,3
17,BLOCK-e729b0aa52978c75,BLOCK-5ddb30f65478f699,4,4
17,BLOCK-e729b0aa52978c75,BLOCK-5f91132e1b252609,4,36
17,BLOCK-e729b0aa52978c75,BLOCK-8dbd1f0100199b32,4,18
17,BLOCK-e729b0aa52978c75,BLOCK-ad504a636f9fcddf,4,17
17,BLOCK-e729b0aa52978c75,BLOCK-bb4bcb852b735057,4,105
17,BLOCK-e729b0aa52978c75,BLOCK-bb889e938c0a001a,4,10
17,BLOCK-e729b0aa52978c75,BLOCK-c1585d53eda9a867,4,8
17,BLOCK-e729b0aa52978c75,BLOCK-c5e520eb3b94ff25,4,249
17,BLOCK-e729b0aa52978c75,BLOCK-d0fe24e9c28856d1,4,18
17,BLOCK-e729b0aa52978c75,BLOCK-fc0b343dfac9ab9d,4,7
18,BLOCK-fc0b343dfac9ab9d,BLOCK-513383ed86a73488,1,4010
18,BLOCK-fc0b343dfac9ab9d,BLOCK-4494eb5738fce47c,2,1518
18,BLOCK-fc0b343dfac9ab9d,BLOCK-5c361cba45039733,3,842
18,BLOCK-fc0b343dfac9ab9d,BLOCK-2c0090ee1dd5b17e,4,16
18,BLOCK-fc0b343dfac9ab9d,BLOCK-394ff80f01cbc968,4,16
18,BLOCK-fc0b343dfac9ab9d,BLOCK-4acd8e0f532c9eb9,4,11
18,BLOCK-fc0b343dfac9ab9d,BLOCK-5930edb067c8c52f,4,3
18,BLOCK-fc0b343dfac9ab9d,BLOCK-5ddb30f65478f699,4,4
18,BLOCK-fc0b343dfac9ab9d,BLOCK-5f91132e1b252609,4,36
18,BLOCK-fc0b343dfac9ab9d,BLOCK-8dbd1f0100199b32,4,18
18,BLOCK-fc0b343dfac9ab9d,BLOCK-ad504a636f9fcddf,4,17
18,BLOCK-fc0b343dfac9ab9d,BLOCK-bb4bcb852b735057,4,105
18,BLOCK-fc0b343dfac9ab9d,BLOCK-bb889e938c0a001a,4,10
18,BLOCK-fc0b343dfac9ab9d,BLOCK-c1585d53eda9a867,4,8
18,BLOCK-fc0b343dfac9ab9d,BLOCK-c5e520eb3b94ff25,4,249
18,BLOCK-fc0b343dfac9ab9d,BLOCK-d0fe24e9c28856d1,4,18
18,BLOCK-fc0b343dfac9ab9d,BLOCK-e729b0aa52978c75,4,7
